Player,RECEIVING REC (Projected),RECEIVING YDS (Projected),RECEIVING TDS (Projected),MISC FL (Projected),MISC FPTS (Projected),G,REC PER GAME,YDS PER GAME,YBC PER GAME,AIR PER GAME,YAC PER GAME,YACON PER GAME,BRKTKL PER GAME,TGT PER GAME,CATCHABLE PER GAME,DROP PER GAME,RZ TGT PER GAME,10+ YDS PER GAME,20+ YDS PER GAME,TOTAL_REC,TOTAL_YDS,TOTAL_YBC,TOTAL_AIR,TOTAL_YAC,TOTAL_YACON,TOTAL_BRKTKL,TOTAL_TGT,TOTAL_CATCHABLE,TOTAL_DROP,TOTAL_RZ_TGT,TOTAL_10YDS,TOTAL_20YDS
Brock Bowers,106.0,1131.5,6.1,0.5,149.7,17.0,7.0,70.0,35.0,55.0,35.0,10.0,0.0,9.0,7.0,0.0,1.0,3.0,1.0,119.0,1190.0,595.0,935.0,595.0,170.0,0.0,153.0,119.0,0.0,17.0,51.0,17.0
George Kittle,76.0,1036.9,7.5,0.5,147.6,15.0,5.0,74.0,39.0,51.0,35.0,12.0,0.0,6.0,5.0,0.0,1.0,3.0,1.0,75.0,1110.0,585.0,765.0,525.0,180.0,0.0,90.0,75.0,0.0,15.0,45.0,15.0
Trey McBride,104.4,1053.1,5.8,0.5,139.4,16.0,7.0,72.0,40.0,56.0,32.0,10.0,0.0,9.0,7.0,0.0,1.0,3.0,1.0,112.0,1152.0,640.0,896.0,512.0,160.0,0.0,144.0,112.0,0.0,16.0,48.0,16.0
Mark Andrews,59.9,721.0,7.8,0.8,117.3,17.0,3.0,40.0,29.0,43.0,11.0,5.0,0.0,4.0,3.0,0.0,1.0,2.0,0.0,51.0,680.0,493.0,731.0,187.0,85.0,0.0,68.0,51.0,0.0,17.0,34.0,0.0
Sam LaPorta,67.9,763.8,6.7,0.4,115.6,16.0,4.0,45.0,24.0,36.0,21.0,7.0,0.0,5.0,4.0,0.0,1.0,2.0,1.0,64.0,720.0,384.0,576.0,336.0,112.0,0.0,80.0,64.0,0.0,16.0,32.0,16.0
T.J. Hockenson,76.3,800.3,4.6,0.5,106.9,10.0,4.0,46.0,31.0,52.0,15.0,4.0,0.0,6.0,4.0,0.0,1.0,2.0,1.0,40.0,460.0,310.0,520.0,150.0,40.0,0.0,60.0,40.0,0.0,10.0,20.0,10.0
Travis Kelce,80.8,767.3,5.3,0.9,106.7,16.0,6.0,51.0,30.0,54.0,21.0,6.0,0.0,8.0,6.0,0.0,2.0,2.0,1.0,96.0,816.0,480.0,864.0,336.0,96.0,0.0,128.0,96.0,0.0,32.0,32.0,16.0
David Njoku,76.5,731.1,4.8,0.8,100.4,11.0,6.0,46.0,23.0,47.0,23.0,6.0,0.0,9.0,6.0,1.0,1.0,2.0,0.0,66.0,506.0,253.0,517.0,253.0,66.0,0.0,99.0,66.0,11.0,11.0,22.0,0.0
Tucker Kraft,55.2,652.8,4.8,0.8,92.5,17.0,3.0,42.0,15.0,22.0,27.0,12.0,1.0,4.0,3.0,0.0,1.0,2.0,1.0,51.0,714.0,255.0,374.0,459.0,204.0,17.0,68.0,51.0,0.0,17.0,34.0,17.0
Tyler Warren,58.1,648.2,4.3,1.1,88.7,N/A,N/A,N/A,N/A,N/A,N/A,N/A,N/A,N/A,N/A,N/A,N/A,N/A,N/A,N/A,N/A,N/A,N/A,N/A,N/A,N/A,N/A,N/A,N/A,N/A,N/A,N/A
Dallas Goedert,57.2,633.3,3.9,0.5,85.8,10.0,4.0,50.0,26.0,37.0,27.0,7.0,0.0,5.0,4.0,0.0,1.0,2.0,1.0,40.0,500.0,260.0,370.0,270.0,70.0,0.0,50.0,40.0,0.0,10.0,20.0,10.0
Zach Ertz,58.1,539.2,5.1,0.1,84.2,17.0,4.0,38.0,27.0,39.0,11.0,4.0,0.0,5.0,4.0,0.0,1.0,2.0,0.0,68.0,646.0,459.0,663.0,187.0,68.0,0.0,85.0,68.0,0.0,17.0,34.0,0.0
Dalton Kincaid,57.1,603.0,4.0,0.5,83.6,13.0,3.0,34.0,13.0,43.0,21.0,8.0,0.0,6.0,4.0,0.0,1.0,1.0,0.0,39.0,442.0,169.0,559.0,273.0,104.0,0.0,78.0,52.0,0.0,13.0,13.0,0.0
Evan Engram,69.1,614.2,4.0,0.9,83.4,9.0,5.0,41.0,24.0,39.0,17.0,4.0,0.0,7.0,6.0,0.0,0.0,2.0,0.0,45.0,369.0,216.0,351.0,153.0,36.0,0.0,63.0,54.0,0.0,0.0,18.0,0.0
Kyle Pitts Sr.,47.5,599.0,3.8,0.1,82.8,17.0,3.0,35.0,19.0,37.0,16.0,7.0,0.0,4.0,3.0,0.0,1.0,1.0,0.0,51.0,595.0,323.0,629.0,272.0,119.0,0.0,68.0,51.0,0.0,17.0,17.0,0.0
Jake Ferguson,67.8,621.9,3.8,1.2,82.6,14.0,4.0,35.0,13.0,25.0,22.0,9.0,0.0,6.0,4.0,0.0,0.0,1.0,0.0,56.0,490.0,182.0,350.0,308.0,126.0,0.0,84.0,56.0,0.0,0.0,14.0,0.0
Hunter Henry,55.0,572.5,3.6,0.4,78.3,16.0,4.0,42.0,25.0,43.0,17.0,6.0,0.0,6.0,4.0,0.0,1.0,2.0,0.0,64.0,672.0,400.0,688.0,272.0,96.0,0.0,96.0,64.0,0.0,16.0,32.0,0.0
Darren Waller,52.6,579.4,3.4,0.1,77.9,N/A,N/A,N/A,N/A,N/A,N/A,N/A,N/A,N/A,N/A,N/A,N/A,N/A,N/A,N/A,N/A,N/A,N/A,N/A,N/A,N/A,N/A,N/A,N/A,N/A,N/A,N/A
Isaiah Likely,41.4,495.5,4.8,0.7,77.0,16.0,3.0,30.0,14.0,29.0,16.0,5.0,0.0,4.0,3.0,0.0,1.0,1.0,0.0,48.0,480.0,224.0,464.0,256.0,80.0,0.0,64.0,48.0,0.0,16.0,16.0,0.0
Jonnu Smith,52.2,544.5,4.0,0.9,76.7,17.0,5.0,52.0,22.0,32.0,30.0,8.0,0.0,7.0,6.0,0.0,1.0,3.0,0.0,85.0,884.0,374.0,544.0,510.0,136.0,0.0,119.0,102.0,0.0,17.0,51.0,0.0
Colston Loveland,52.8,554.0,3.8,0.8,76.5,N/A,N/A,N/A,N/A,N/A,N/A,N/A,N/A,N/A,N/A,N/A,N/A,N/A,N/A,N/A,N/A,N/A,N/A,N/A,N/A,N/A,N/A,N/A,N/A,N/A,N/A,N/A
Cade Otton,52.3,532.2,4.0,0.5,76.0,14.0,4.0,43.0,21.0,34.0,22.0,10.0,0.0,6.0,5.0,1.0,1.0,2.0,1.0,56.0,602.0,294.0,476.0,308.0,140.0,0.0,84.0,70.0,14.0,14.0,28.0,14.0
Brenton Strange,55.3,548.7,3.3,0.5,73.6,17.0,2.0,24.0,13.0,20.0,11.0,6.0,0.0,3.0,3.0,0.0,0.0,1.0,0.0,34.0,408.0,221.0,340.0,187.0,102.0,0.0,51.0,51.0,0.0,0.0,17.0,0.0
Mike Gesicki,52.8,518.2,3.6,0.4,72.6,17.0,4.0,39.0,25.0,36.0,14.0,3.0,0.0,5.0,4.0,0.0,1.0,2.0,0.0,68.0,663.0,425.0,612.0,238.0,51.0,0.0,85.0,68.0,0.0,17.0,34.0,0.0
Chig Okonkwo,53.8,537.2,2.9,0.8,69.9,17.0,3.0,28.0,14.0,25.0,15.0,7.0,0.0,4.0,3.0,0.0,0.0,1.0,0.0,51.0,476.0,238.0,425.0,255.0,119.0,0.0,68.0,51.0,0.0,0.0,17.0,0.0
Juwan Johnson,48.9,501.0,3.3,0.2,69.5,17.0,3.0,32.0,20.0,32.0,12.0,3.0,0.0,4.0,3.0,0.0,0.0,2.0,0.0,51.0,544.0,340.0,544.0,204.0,51.0,0.0,68.0,51.0,0.0,0.0,34.0,0.0
Dalton Schultz,49.9,510.1,3.1,0.4,68.9,17.0,3.0,31.0,19.0,41.0,13.0,4.0,0.0,5.0,3.0,0.0,0.0,1.0,0.0,51.0,527.0,323.0,697.0,221.0,68.0,0.0,85.0,51.0,0.0,0.0,17.0,0.0
Pat Freiermuth,51.2,493.5,3.5,0.9,68.7,17.0,4.0,38.0,22.0,28.0,16.0,6.0,0.0,5.0,4.0,0.0,1.0,1.0,0.0,68.0,646.0,374.0,476.0,272.0,102.0,0.0,85.0,68.0,0.0,17.0,17.0,0.0
Tyler Higbee,45.3,425.2,3.7,0.1,64.4,3.0,3.0,22.0,6.0,9.0,16.0,5.0,0.0,4.0,3.0,0.0,2.0,1.0,0.0,9.0,66.0,18.0,27.0,48.0,15.0,0.0,12.0,9.0,0.0,6.0,3.0,0.0
Robbie Ouzts,48.0,479.0,3.0,1.0,63.9,N/A,N/A,N/A,N/A,N/A,N/A,N/A,N/A,N/A,N/A,N/A,N/A,N/A,N/A,N/A,N/A,N/A,N/A,N/A,N/A,N/A,N/A,N/A,N/A,N/A,N/A,N/A
Theo Johnson,43.1,470.5,2.7,0.1,63.0,12.0,2.0,28.0,15.0,24.0,12.0,2.0,0.0,4.0,3.0,0.0,0.0,1.0,0.0,24.0,336.0,180.0,288.0,144.0,24.0,0.0,48.0,36.0,0.0,0.0,12.0,0.0
Elijah Arroyo,41.1,436.0,2.9,0.4,60.1,N/A,N/A,N/A,N/A,N/A,N/A,N/A,N/A,N/A,N/A,N/A,N/A,N/A,N/A,N/A,N/A,N/A,N/A,N/A,N/A,N/A,N/A,N/A,N/A,N/A,N/A,N/A
Mason Taylor,44.9,452.7,2.6,0.5,59.9,N/A,N/A,N/A,N/A,N/A,N/A,N/A,N/A,N/A,N/A,N/A,N/A,N/A,N/A,N/A,N/A,N/A,N/A,N/A,N/A,N/A,N/A,N/A,N/A,N/A,N/A,N/A
Will Dissly,37.8,370.5,2.5,0.0,52.0,15.0,3.0,32.0,12.0,20.0,20.0,7.0,0.0,4.0,4.0,0.0,1.0,1.0,0.0,45.0,480.0,180.0,300.0,300.0,105.0,0.0,60.0,60.0,0.0,15.0,15.0,0.0
Noah Fant,36.2,370.6,2.4,0.1,51.6,14.0,3.0,36.0,16.0,25.0,20.0,6.0,0.0,5.0,4.0,0.0,0.0,2.0,0.0,42.0,504.0,224.0,350.0,280.0,84.0,0.0,70.0,56.0,0.0,0.0,28.0,0.0
Ja'Tavion Sanders,38.5,388.6,2.1,0.1,51.1,16.0,2.0,21.0,10.0,17.0,12.0,4.0,0.0,3.0,2.0,0.0,0.0,1.0,0.0,32.0,336.0,160.0,272.0,192.0,64.0,0.0,48.0,32.0,0.0,0.0,16.0,0.0
Tyler Conklin,36.4,352.8,2.5,0.1,49.9,16.0,3.0,28.0,12.0,22.0,16.0,5.0,0.0,5.0,3.0,0.0,1.0,1.0,0.0,48.0,448.0,192.0,352.0,256.0,80.0,0.0,80.0,48.0,0.0,16.0,16.0,0.0
AJ Barner,32.4,302.4,2.4,0.1,44.3,17.0,2.0,14.0,5.0,8.0,10.0,3.0,0.0,2.0,2.0,0.0,0.0,1.0,0.0,34.0,238.0,85.0,136.0,170.0,51.0,0.0,34.0,34.0,0.0,0.0,17.0,0.0
Noah Gray,28.2,285.4,2.6,0.0,43.9,17.0,2.0,26.0,13.0,18.0,12.0,2.0,0.0,3.0,2.0,0.0,0.0,1.0,0.0,34.0,442.0,221.0,306.0,204.0,34.0,0.0,51.0,34.0,0.0,0.0,17.0,0.0
Cole Kmet,30.0,288.6,2.3,0.4,41.7,17.0,3.0,28.0,17.0,23.0,11.0,3.0,0.0,3.0,3.0,0.0,0.0,1.0,0.0,51.0,476.0,289.0,391.0,187.0,51.0,0.0,51.0,51.0,0.0,0.0,17.0,0.0
Foster Moreau,23.0,259.8,1.9,0.1,37.2,17.0,2.0,24.0,15.0,23.0,9.0,3.0,0.0,3.0,2.0,0.0,1.0,1.0,0.0,34.0,408.0,255.0,391.0,153.0,51.0,0.0,51.0,34.0,0.0,17.0,17.0,0.0
Austin Hooper,26.5,263.1,1.7,0.4,35.6,17.0,3.0,28.0,15.0,20.0,13.0,4.0,0.0,3.0,3.0,0.0,0.0,1.0,0.0,51.0,476.0,255.0,340.0,221.0,68.0,0.0,51.0,51.0,0.0,0.0,17.0,0.0
Dawson Knox,21.9,238.0,1.9,0.0,35.2,16.0,1.0,19.0,14.0,18.0,6.0,2.0,0.0,2.0,1.0,0.0,0.0,1.0,0.0,16.0,304.0,224.0,288.0,96.0,32.0,0.0,32.0,16.0,0.0,0.0,16.0,0.0
Michael Mayer,27.7,257.3,1.6,0.1,35.2,11.0,2.0,14.0,9.0,18.0,6.0,2.0,0.0,3.0,2.0,0.0,1.0,0.0,0.0,22.0,154.0,99.0,198.0,66.0,22.0,0.0,33.0,22.0,0.0,11.0,0.0,0.0
Terrance Ferguson,23.0,235.5,1.9,0.4,34.1,N/A,N/A,N/A,N/A,N/A,N/A,N/A,N/A,N/A,N/A,N/A,N/A,N/A,N/A,N/A,N/A,N/A,N/A,N/A,N/A,N/A,N/A,N/A,N/A,N/A,N/A,N/A
Josh Oliver,20.2,211.1,1.7,0.1,31.2,15.0,1.0,17.0,9.0,15.0,9.0,2.0,0.0,2.0,2.0,0.0,0.0,1.0,0.0,15.0,255.0,135.0,225.0,135.0,30.0,0.0,30.0,30.0,0.0,0.0,15.0,0.0
Harold Fannin Jr.,23.7,234.3,1.2,0.4,30.0,N/A,N/A,N/A,N/A,N/A,N/A,N/A,N/A,N/A,N/A,N/A,N/A,N/A,N/A,N/A,N/A,N/A,N/A,N/A,N/A,N/A,N/A,N/A,N/A,N/A,N/A,N/A
Tommy Tremble,19.2,183.6,1.7,0.4,27.8,12.0,2.0,20.0,9.0,15.0,10.0,5.0,0.0,3.0,2.0,0.0,0.0,1.0,0.0,24.0,240.0,108.0,180.0,120.0,60.0,0.0,36.0,24.0,0.0,0.0,12.0,0.0
Luke Musgrave,19.1,186.4,1.4,0.0,27.1,7.0,1.0,6.0,4.0,9.0,3.0,0.0,0.0,1.0,1.0,0.0,0.0,0.0,0.0,7.0,42.0,28.0,63.0,21.0,0.0,0.0,7.0,7.0,0.0,0.0,0.0,0.0
Brock Wright,15.0,134.8,2.2,0.0,26.4,17.0,1.0,6.0,1.0,5.0,4.0,1.0,0.0,1.0,1.0,0.0,0.0,0.0,0.0,17.0,102.0,17.0,85.0,68.0,17.0,0.0,17.0,17.0,0.0,0.0,0.0,0.0
Ben Sinnott,17.9,176.9,1.5,0.1,26.4,17.0,0.0,2.0,1.0,1.0,1.0,0.0,0.0,0.0,0.0,0.0,0.0,0.0,0.0,0.0,34.0,17.0,17.0,17.0,0.0,0.0,0.0,0.0,0.0,0.0,0.0,0.0
Oronde Gadsden II,16.5,168.9,1.4,0.0,25.1,N/A,N/A,N/A,N/A,N/A,N/A,N/A,N/A,N/A,N/A,N/A,N/A,N/A,N/A,N/A,N/A,N/A,N/A,N/A,N/A,N/A,N/A,N/A,N/A,N/A,N/A,N/A
Taysom Hill,12.3,104.7,0.7,0.3,24.8,8.0,3.0,23.0,6.0,14.0,17.0,7.0,0.0,4.0,3.0,0.0,0.0,1.0,0.0,24.0,184.0,48.0,112.0,136.0,56.0,0.0,32.0,24.0,0.0,0.0,8.0,0.0
Jeremy Ruckert,18.7,161.6,1.2,0.0,23.4,17.0,1.0,6.0,1.0,6.0,5.0,1.0,0.0,2.0,1.0,0.0,0.0,0.0,0.0,17.0,102.0,17.0,102.0,85.0,17.0,0.0,34.0,17.0,0.0,0.0,0.0,0.0
Cade Stover,16.9,160.7,1.2,0.0,23.3,15.0,1.0,9.0,3.0,8.0,6.0,2.0,0.0,1.0,1.0,0.0,0.0,0.0,0.0,15.0,135.0,45.0,120.0,90.0,30.0,0.0,15.0,15.0,0.0,0.0,0.0,0.0
Adam Trautman,12.6,136.7,1.4,0.0,21.8,17.0,1.0,11.0,5.0,7.0,6.0,0.0,0.0,1.0,1.0,0.0,0.0,0.0,0.0,17.0,187.0,85.0,119.0,102.0,0.0,0.0,17.0,17.0,0.0,0.0,0.0,0.0
Gunnar Helm,16.4,163.3,0.9,0.4,20.9,N/A,N/A,N/A,N/A,N/A,N/A,N/A,N/A,N/A,N/A,N/A,N/A,N/A,N/A,N/A,N/A,N/A,N/A,N/A,N/A,N/A,N/A,N/A,N/A,N/A,N/A,N/A
Luke Schoonmaker,14.9,132.3,1.2,0.0,20.1,17.0,2.0,14.0,8.0,12.0,6.0,2.0,0.0,2.0,2.0,0.0,0.0,1.0,0.0,34.0,238.0,136.0,204.0,102.0,34.0,0.0,34.0,34.0,0.0,0.0,17.0,0.0
Josh Whyle,16.7,152.9,0.7,0.0,19.5,17.0,2.0,15.0,6.0,12.0,8.0,2.0,0.0,2.0,2.0,0.0,0.0,1.0,0.0,34.0,255.0,102.0,204.0,136.0,34.0,0.0,34.0,34.0,0.0,0.0,17.0,0.0
Charlie Woerner,14.0,130.9,1.0,0.0,19.2,16.0,0.0,3.0,2.0,2.0,1.0,0.0,0.0,1.0,1.0,0.0,0.0,0.0,0.0,0.0,48.0,32.0,32.0,16.0,0.0,0.0,16.0,16.0,0.0,0.0,0.0,0.0
Daniel Bellinger,14.9,139.8,0.8,0.0,18.9,17.0,1.0,7.0,4.0,5.0,3.0,1.0,0.0,1.0,1.0,0.0,0.0,0.0,0.0,17.0,119.0,68.0,85.0,51.0,17.0,0.0,17.0,17.0,0.0,0.0,0.0,0.0
Julian Hill,14.7,133.4,0.9,0.4,18.2,16.0,1.0,6.0,3.0,8.0,4.0,2.0,0.0,1.0,1.0,0.0,0.0,0.0,0.0,16.0,96.0,48.0,128.0,64.0,32.0,0.0,16.0,16.0,0.0,0.0,0.0,0.0
Jake Briningstool,12.0,121.0,1.0,0.0,18.1,N/A,N/A,N/A,N/A,N/A,N/A,N/A,N/A,N/A,N/A,N/A,N/A,N/A,N/A,N/A,N/A,N/A,N/A,N/A,N/A,N/A,N/A,N/A,N/A,N/A,N/A,N/A
Jelani Woods,7.0,117.0,1.0,0.0,17.7,N/A,N/A,N/A,N/A,N/A,N/A,N/A,N/A,N/A,N/A,N/A,N/A,N/A,N/A,N/A,N/A,N/A,N/A,N/A,N/A,N/A,N/A,N/A,N/A,N/A,N/A,N/A
Payne Durham,10.8,104.6,1.2,0.0,17.6,16.0,1.0,7.0,6.0,8.0,2.0,1.0,0.0,1.0,1.0,0.0,0.0,0.0,0.0,16.0,112.0,96.0,128.0,32.0,16.0,0.0,16.0,16.0,0.0,0.0,0.0,0.0
Elijah Higgins,11.4,110.3,1.1,0.0,17.4,17.0,1.0,10.0,5.0,6.0,5.0,2.0,0.0,1.0,1.0,0.0,0.0,0.0,0.0,17.0,170.0,85.0,102.0,85.0,34.0,0.0,17.0,17.0,0.0,0.0,0.0,0.0
Keleki Latu,10.0,111.0,1.0,0.0,17.1,N/A,N/A,N/A,N/A,N/A,N/A,N/A,N/A,N/A,N/A,N/A,N/A,N/A,N/A,N/A,N/A,N/A,N/A,N/A,N/A,N/A,N/A,N/A,N/A,N/A,N/A,N/A
Darnell Washington,12.3,123.3,0.7,0.0,16.6,17.0,1.0,12.0,4.0,6.0,7.0,3.0,0.0,1.0,1.0,0.0,0.0,0.0,0.0,17.0,204.0,68.0,102.0,119.0,51.0,0.0,17.0,17.0,0.0,0.0,0.0,0.0
Johnny Mundt,13.4,115.6,0.8,0.0,16.6,15.0,1.0,9.0,4.0,7.0,6.0,1.0,0.0,2.0,1.0,0.0,0.0,0.0,0.0,15.0,135.0,60.0,105.0,90.0,15.0,0.0,30.0,15.0,0.0,0.0,0.0,0.0
Nate Adkins,8.5,69.8,1.6,0.0,16.5,17.0,1.0,7.0,2.0,4.0,4.0,1.0,0.0,1.0,1.0,0.0,0.0,0.0,0.0,17.0,119.0,34.0,68.0,68.0,17.0,0.0,17.0,17.0,0.0,0.0,0.0,0.0
Colby Parkinson,10.6,106.9,0.9,0.0,15.8,17.0,2.0,17.0,8.0,15.0,9.0,2.0,0.0,3.0,2.0,0.0,1.0,1.0,0.0,34.0,289.0,136.0,255.0,153.0,34.0,0.0,51.0,34.0,0.0,17.0,17.0,0.0
Grant Calcaterra,10.8,109.6,0.8,0.0,15.7,17.0,1.0,18.0,10.0,13.0,7.0,1.0,0.0,2.0,1.0,0.0,0.0,1.0,0.0,17.0,306.0,170.0,221.0,119.0,17.0,0.0,34.0,17.0,0.0,0.0,17.0,0.0
Connor Heyward,10.2,87.6,1.2,0.0,15.7,17.0,0.0,2.0,2.0,4.0,0.0,0.0,0.0,0.0,0.0,0.0,0.0,0.0,0.0,0.0,34.0,34.0,68.0,0.0,0.0,0.0,0.0,0.0,0.0,0.0,0.0,0.0
Drew Ogletree,6.9,86.9,0.8,0.0,13.7,17.0,1.0,6.0,3.0,9.0,3.0,1.0,0.0,1.0,1.0,0.0,0.0,0.0,0.0,17.0,102.0,51.0,153.0,51.0,17.0,0.0,17.0,17.0,0.0,0.0,0.0,0.0
Drew Sample,10.4,82.5,0.8,0.0,12.8,17.0,1.0,6.0,2.0,2.0,5.0,1.0,0.0,1.0,1.0,0.0,0.0,0.0,0.0,17.0,102.0,34.0,34.0,85.0,17.0,0.0,17.0,17.0,0.0,0.0,0.0,0.0
Pharaoh Brown,10.0,93.4,0.5,0.0,12.1,10.0,1.0,7.0,4.0,5.0,3.0,1.0,0.0,1.0,1.0,0.0,0.0,0.0,0.0,10.0,70.0,40.0,50.0,30.0,10.0,0.0,10.0,10.0,0.0,0.0,0.0,0.0
Teagan Quitoriano,5.5,89.5,0.5,0.0,12.0,N/A,N/A,N/A,N/A,N/A,N/A,N/A,N/A,N/A,N/A,N/A,N/A,N/A,N/A,N/A,N/A,N/A,N/A,N/A,N/A,N/A,N/A,N/A,N/A,N/A,N/A,N/A
Lawrence Cager,5.5,57.0,1.0,0.0,11.7,N/A,N/A,N/A,N/A,N/A,N/A,N/A,N/A,N/A,N/A,N/A,N/A,N/A,N/A,N/A,N/A,N/A,N/A,N/A,N/A,N/A,N/A,N/A,N/A,N/A,N/A,N/A
Gavin Bartholomew,7.0,75.0,0.6,0.0,11.0,N/A,N/A,N/A,N/A,N/A,N/A,N/A,N/A,N/A,N/A,N/A,N/A,N/A,N/A,N/A,N/A,N/A,N/A,N/A,N/A,N/A,N/A,N/A,N/A,N/A,N/A,N/A
Brevyn Spann-Ford,7.3,69.6,0.6,0.0,10.7,17.0,1.0,5.0,2.0,5.0,3.0,1.0,0.0,1.0,1.0,0.0,0.0,0.0,0.0,17.0,85.0,34.0,85.0,51.0,17.0,0.0,17.0,17.0,0.0,0.0,0.0,0.0
Lucas Krull,8.3,79.8,0.4,0.0,10.3,13.0,1.0,12.0,7.0,9.0,5.0,2.0,0.0,2.0,1.0,0.0,0.0,1.0,0.0,13.0,156.0,91.0,117.0,65.0,26.0,0.0,26.0,13.0,0.0,0.0,13.0,0.0
Devin Culp,6.1,65.6,0.6,0.0,10.1,5.0,1.0,18.0,11.0,15.0,6.0,4.0,0.0,1.0,1.0,0.0,0.0,1.0,0.0,5.0,90.0,55.0,75.0,30.0,20.0,0.0,5.0,5.0,0.0,0.0,5.0,0.0
Charlie Kolar,5.7,71.7,0.4,0.0,9.9,13.0,1.0,10.0,4.0,5.0,6.0,0.0,0.0,1.0,1.0,0.0,0.0,0.0,0.0,13.0,130.0,52.0,65.0,78.0,0.0,0.0,13.0,13.0,0.0,0.0,0.0,0.0
Tanner McLachlan,7.0,68.5,0.5,0.0,9.9,N/A,N/A,N/A,N/A,N/A,N/A,N/A,N/A,N/A,N/A,N/A,N/A,N/A,N/A,N/A,N/A,N/A,N/A,N/A,N/A,N/A,N/A,N/A,N/A,N/A,N/A,N/A
Hunter Long,8.4,76.2,0.4,0.0,9.8,11.0,1.0,5.0,3.0,3.0,3.0,1.0,0.0,1.0,1.0,0.0,0.0,0.0,0.0,11.0,55.0,33.0,33.0,33.0,11.0,0.0,11.0,11.0,0.0,0.0,0.0,0.0
Giovanni Ricci,8.0,96.0,0.0,0.0,9.6,N/A,N/A,N/A,N/A,N/A,N/A,N/A,N/A,N/A,N/A,N/A,N/A,N/A,N/A,N/A,N/A,N/A,N/A,N/A,N/A,N/A,N/A,N/A,N/A,N/A,N/A,N/A
Jaheim Bell,6.4,64.1,0.5,0.0,9.4,N/A,N/A,N/A,N/A,N/A,N/A,N/A,N/A,N/A,N/A,N/A,N/A,N/A,N/A,N/A,N/A,N/A,N/A,N/A,N/A,N/A,N/A,N/A,N/A,N/A,N/A,N/A
Brenden Bates,6.5,61.4,0.5,0.0,9.4,N/A,N/A,N/A,N/A,N/A,N/A,N/A,N/A,N/A,N/A,N/A,N/A,N/A,N/A,N/A,N/A,N/A,N/A,N/A,N/A,N/A,N/A,N/A,N/A,N/A,N/A,N/A
John Bates,5.9,54.9,0.6,0.0,9.3,17.0,0.0,5.0,2.0,4.0,3.0,1.0,0.0,1.0,1.0,0.0,0.0,0.0,0.0,0.0,85.0,34.0,68.0,51.0,17.0,0.0,17.0,17.0,0.0,0.0,0.0,0.0
Tanner Conner,7.0,58.3,0.6,0.0,9.3,7.0,0.0,2.0,2.0,7.0,1.0,0.0,0.0,1.0,0.0,0.0,0.0,0.0,0.0,0.0,14.0,14.0,49.0,7.0,0.0,0.0,7.0,0.0,0.0,0.0,0.0,0.0
Kenny Yeboah,6.0,61.5,0.5,0.0,9.2,7.0,1.0,7.0,2.0,5.0,5.0,0.0,0.0,1.0,1.0,0.0,0.0,0.0,0.0,7.0,49.0,14.0,35.0,35.0,0.0,0.0,7.0,7.0,0.0,0.0,0.0,0.0
Luke Farrell,6.6,64.6,0.4,0.0,9.1,12.0,1.0,6.0,3.0,7.0,3.0,1.0,0.0,1.0,1.0,0.0,0.0,0.0,0.0,12.0,72.0,36.0,84.0,36.0,12.0,0.0,12.0,12.0,0.0,0.0,0.0,0.0
Eric Saubert,6.9,60.9,0.5,0.0,8.8,13.0,1.0,7.0,5.0,7.0,3.0,0.0,0.0,1.0,1.0,0.0,0.0,0.0,0.0,13.0,91.0,65.0,91.0,39.0,0.0,0.0,13.0,13.0,0.0,0.0,0.0,0.0
Luke Lachey,5.5,56.5,0.5,0.0,8.7,N/A,N/A,N/A,N/A,N/A,N/A,N/A,N/A,N/A,N/A,N/A,N/A,N/A,N/A,N/A,N/A,N/A,N/A,N/A,N/A,N/A,N/A,N/A,N/A,N/A,N/A,N/A
Travis Vokolek,5.5,55.5,0.5,0.0,8.6,N/A,N/A,N/A,N/A,N/A,N/A,N/A,N/A,N/A,N/A,N/A,N/A,N/A,N/A,N/A,N/A,N/A,N/A,N/A,N/A,N/A,N/A,N/A,N/A,N/A,N/A,N/A
Quintin Morris,6.8,63.8,0.3,0.0,8.5,10.0,1.0,4.0,1.0,7.0,2.0,0.0,0.0,1.0,1.0,0.0,0.0,0.0,0.0,10.0,40.0,10.0,70.0,20.0,0.0,0.0,10.0,10.0,0.0,0.0,0.0,0.0
Brayden Willis,4.5,54.5,0.5,0.0,8.5,N/A,N/A,N/A,N/A,N/A,N/A,N/A,N/A,N/A,N/A,N/A,N/A,N/A,N/A,N/A,N/A,N/A,N/A,N/A,N/A,N/A,N/A,N/A,N/A,N/A,N/A,N/A
Ian Thomas,6.6,58.9,0.4,0.0,8.3,3.0,1.0,2.0,0.0,8.0,2.0,0.0,0.0,2.0,1.0,0.0,0.0,0.0,0.0,3.0,6.0,0.0,24.0,6.0,0.0,0.0,6.0,3.0,0.0,0.0,0.0,0.0
Stone Smartt,5.5,66.7,0.4,0.3,8.2,9.0,2.0,23.0,16.0,21.0,7.0,1.0,0.0,2.0,2.0,0.0,0.0,1.0,0.0,18.0,207.0,144.0,189.0,63.0,9.0,0.0,18.0,18.0,0.0,0.0,9.0,0.0
Moliki Matavao,5.0,51.0,0.5,0.0,8.1,N/A,N/A,N/A,N/A,N/A,N/A,N/A,N/A,N/A,N/A,N/A,N/A,N/A,N/A,N/A,N/A,N/A,N/A,N/A,N/A,N/A,N/A,N/A,N/A,N/A,N/A,N/A
Cam Grandy,6.2,54.0,0.4,0.0,8.1,8.0,1.0,4.0,2.0,2.0,2.0,1.0,0.0,1.0,1.0,0.0,0.0,0.0,0.0,8.0,32.0,16.0,16.0,16.0,8.0,0.0,8.0,8.0,0.0,0.0,0.0,0.0
Ben Sims,5.0,50.5,0.5,0.0,8.1,17.0,0.0,2.0,2.0,2.0,1.0,0.0,0.0,0.0,0.0,0.0,0.0,0.0,0.0,0.0,34.0,34.0,34.0,17.0,0.0,0.0,0.0,0.0,0.0,0.0,0.0,0.0
Thomas Fidone II,5.5,50.5,0.5,0.0,8.1,N/A,N/A,N/A,N/A,N/A,N/A,N/A,N/A,N/A,N/A,N/A,N/A,N/A,N/A,N/A,N/A,N/A,N/A,N/A,N/A,N/A,N/A,N/A,N/A,N/A,N/A,N/A
Jackson Hawes,5.3,56.8,0.4,0.0,8.0,N/A,N/A,N/A,N/A,N/A,N/A,N/A,N/A,N/A,N/A,N/A,N/A,N/A,N/A,N/A,N/A,N/A,N/A,N/A,N/A,N/A,N/A,N/A,N/A,N/A,N/A,N/A
Jared Wiley,5.4,53.4,0.4,0.0,7.7,N/A,N/A,N/A,N/A,N/A,N/A,N/A,N/A,N/A,N/A,N/A,N/A,N/A,N/A,N/A,N/A,N/A,N/A,N/A,N/A,N/A,N/A,N/A,N/A,N/A,N/A,N/A
Ross Dwelley,4.0,56.7,0.3,0.0,7.7,N/A,N/A,N/A,N/A,N/A,N/A,N/A,N/A,N/A,N/A,N/A,N/A,N/A,N/A,N/A,N/A,N/A,N/A,N/A,N/A,N/A,N/A,N/A,N/A,N/A,N/A,N/A
Greg Dulcich,5.0,52.5,0.3,0.0,7.3,9.0,1.0,3.0,1.0,8.0,2.0,0.0,0.0,1.0,1.0,0.0,0.0,0.0,0.0,9.0,27.0,9.0,72.0,18.0,0.0,0.0,9.0,9.0,0.0,0.0,0.0,0.0
Durham Smythe,5.4,45.6,0.3,0.0,6.6,14.0,1.0,4.0,3.0,7.0,1.0,0.0,0.0,1.0,1.0,0.0,0.0,0.0,0.0,14.0,56.0,42.0,98.0,14.0,0.0,0.0,14.0,14.0,0.0,0.0,0.0,0.0
Mo Alie-Cox,3.1,37.0,0.3,0.0,5.2,17.0,1.0,9.0,6.0,12.0,3.0,1.0,0.0,1.0,1.0,0.0,0.0,0.0,0.0,17.0,153.0,102.0,204.0,51.0,17.0,0.0,17.0,17.0,0.0,0.0,0.0,0.0
Tre' McKitty,4.1,40.1,0.2,0.0,5.1,N/A,N/A,N/A,N/A,N/A,N/A,N/A,N/A,N/A,N/A,N/A,N/A,N/A,N/A,N/A,N/A,N/A,N/A,N/A,N/A,N/A,N/A,N/A,N/A,N/A,N/A,N/A
Davis Allen,4.1,38.3,0.2,0.0,5.1,14.0,0.0,3.0,1.0,4.0,2.0,0.0,0.0,1.0,1.0,0.0,0.0,0.0,0.0,0.0,42.0,14.0,56.0,28.0,0.0,0.0,14.0,14.0,0.0,0.0,0.0,0.0
Tip Reiman,4.4,43.0,0.1,0.0,5.0,17.0,0.0,2.0,0.0,1.0,2.0,1.0,0.0,0.0,0.0,0.0,0.0,0.0,0.0,0.0,34.0,0.0,17.0,34.0,17.0,0.0,0.0,0.0,0.0,0.0,0.0,0.0
Irv Smith Jr.,4.0,33.7,0.3,0.0,5.0,N/A,N/A,N/A,N/A,N/A,N/A,N/A,N/A,N/A,N/A,N/A,N/A,N/A,N/A,N/A,N/A,N/A,N/A,N/A,N/A,N/A,N/A,N/A,N/A,N/A,N/A,N/A
Will Mallory,2.9,31.3,0.3,0.0,4.9,10.0,0.0,3.0,3.0,7.0,0.0,0.0,0.0,1.0,0.0,0.0,0.0,0.0,0.0,0.0,30.0,30.0,70.0,0.0,0.0,0.0,10.0,0.0,0.0,0.0,0.0,0.0
Dominique Dafney,3.6,34.6,0.2,0.0,4.5,N/A,N/A,N/A,N/A,N/A,N/A,N/A,N/A,N/A,N/A,N/A,N/A,N/A,N/A,N/A,N/A,N/A,N/A,N/A,N/A,N/A,N/A,N/A,N/A,N/A,N/A,N/A
Kylen Granson,3.1,33.3,0.2,0.0,4.3,16.0,1.0,11.0,5.0,22.0,7.0,1.0,0.0,2.0,1.0,0.0,0.0,0.0,0.0,16.0,176.0,80.0,352.0,112.0,16.0,0.0,32.0,16.0,0.0,0.0,0.0,0.0
Mitchell Evans,4.0,39.7,0.1,0.0,4.3,N/A,N/A,N/A,N/A,N/A,N/A,N/A,N/A,N/A,N/A,N/A,N/A,N/A,N/A,N/A,N/A,N/A,N/A,N/A,N/A,N/A,N/A,N/A,N/A,N/A,N/A,N/A
Tanner Hudson,3.0,26.3,0.2,0.0,3.6,11.0,2.0,14.0,5.0,9.0,9.0,3.0,0.0,2.0,2.0,0.0,0.0,1.0,0.0,22.0,154.0,55.0,99.0,99.0,33.0,0.0,22.0,22.0,0.0,0.0,11.0,0.0
Tucker Fisk,2.6,25.7,0.1,0.0,3.2,9.0,1.0,4.0,2.0,2.0,2.0,1.0,0.0,1.0,1.0,0.0,0.0,0.0,0.0,9.0,36.0,18.0,18.0,18.0,9.0,0.0,9.0,9.0,0.0,0.0,0.0,0.0
Erick All Jr.,2.4,20.3,0.2,0.0,3.1,9.0,2.0,18.0,8.0,8.0,10.0,2.0,0.0,2.0,2.0,0.0,0.0,1.0,0.0,18.0,162.0,72.0,72.0,90.0,18.0,0.0,18.0,18.0,0.0,0.0,9.0,0.0
Zach Davidson,1.9,19.0,0.2,0.0,2.9,N/A,N/A,N/A,N/A,N/A,N/A,N/A,N/A,N/A,N/A,N/A,N/A,N/A,N/A,N/A,N/A,N/A,N/A,N/A,N/A,N/A,N/A,N/A,N/A,N/A,N/A,N/A
Jack Stoll,2.5,23.7,0.0,0.0,2.6,N/A,N/A,N/A,N/A,N/A,N/A,N/A,N/A,N/A,N/A,N/A,N/A,N/A,N/A,N/A,N/A,N/A,N/A,N/A,N/A,N/A,N/A,N/A,N/A,N/A,N/A,N/A
David Martin-Robinson,1.9,18.6,0.1,0.0,2.6,N/A,N/A,N/A,N/A,N/A,N/A,N/A,N/A,N/A,N/A,N/A,N/A,N/A,N/A,N/A,N/A,N/A,N/A,N/A,N/A,N/A,N/A,N/A,N/A,N/A,N/A,N/A
Feleipe Franks,1.8,17.7,0.1,0.0,2.5,N/A,N/A,N/A,N/A,N/A,N/A,N/A,N/A,N/A,N/A,N/A,N/A,N/A,N/A,N/A,N/A,N/A,N/A,N/A,N/A,N/A,N/A,N/A,N/A,N/A,N/A,N/A
Blake Whiteheart,1.9,18.1,0.1,0.0,2.4,11.0,1.0,5.0,4.0,7.0,1.0,1.0,0.0,1.0,1.0,0.0,0.0,0.0,0.0,11.0,55.0,44.0,77.0,11.0,11.0,0.0,11.0,11.0,0.0,0.0,0.0,0.0
James Mitchell,1.8,17.4,0.1,0.0,2.3,N/A,N/A,N/A,N/A,N/A,N/A,N/A,N/A,N/A,N/A,N/A,N/A,N/A,N/A,N/A,N/A,N/A,N/A,N/A,N/A,N/A,N/A,N/A,N/A,N/A,N/A,N/A
Chris Manhertz,1.9,18.4,0.1,0.0,2.2,17.0,0.0,2.0,1.0,1.0,1.0,0.0,0.0,0.0,0.0,0.0,0.0,0.0,0.0,0.0,34.0,17.0,17.0,17.0,0.0,0.0,0.0,0.0,0.0,0.0,0.0,0.0
Robert Tonyan,1.0,10.0,0.0,0.0,1.0,N/A,N/A,N/A,N/A,N/A,N/A,N/A,N/A,N/A,N/A,N/A,N/A,N/A,N/A,N/A,N/A,N/A,N/A,N/A,N/A,N/A,N/A,N/A,N/A,N/A,N/A,N/A
Nick Vannett,1.0,10.0,0.0,0.0,1.0,13.0,1.0,10.0,2.0,2.0,8.0,2.0,0.0,2.0,1.0,0.0,0.0,0.0,0.0,13.0,130.0,26.0,26.0,104.0,26.0,0.0,26.0,13.0,0.0,0.0,0.0,0.0
Harrison Bryant,0.5,5.5,0.0,0.0,0.6,6.0,2.0,14.0,3.0,7.0,12.0,4.0,0.0,2.0,2.0,0.0,0.0,1.0,0.0,12.0,84.0,18.0,42.0,72.0,24.0,0.0,12.0,12.0,0.0,0.0,6.0,0.0
Tyree Jackson,0.0,0.0,0.0,0.0,0.0,N/A,N/A,N/A,N/A,N/A,N/A,N/A,N/A,N/A,N/A,N/A,N/A,N/A,N/A,N/A,N/A,N/A,N/A,N/A,N/A,N/A,N/A,N/A,N/A,N/A,N/A,N/A
Stephen Carlson,0.0,0.0,0.0,0.0,0.0,N/A,N/A,N/A,N/A,N/A,N/A,N/A,N/A,N/A,N/A,N/A,N/A,N/A,N/A,N/A,N/A,N/A,N/A,N/A,N/A,N/A,N/A,N/A,N/A,N/A,N/A,N/A
Josiah Deguara,0.0,0.0,0.0,0.0,0.0,7.0,0.0,2.0,0.0,0.0,2.0,1.0,0.0,0.0,0.0,0.0,0.0,0.0,0.0,0.0,14.0,0.0,0.0,14.0,7.0,0.0,0.0,0.0,0.0,0.0,0.0,0.0
Dalton Keene,0.0,0.0,0.0,0.0,0.0,N/A,N/A,N/A,N/A,N/A,N/A,N/A,N/A,N/A,N/A,N/A,N/A,N/A,N/A,N/A,N/A,N/A,N/A,N/A,N/A,N/A,N/A,N/A,N/A,N/A,N/A,N/A
Albert Okwuegbunam Jr.,0.0,0.0,0.0,0.0,0.0,N/A,N/A,N/A,N/A,N/A,N/A,N/A,N/A,N/A,N/A,N/A,N/A,N/A,N/A,N/A,N/A,N/A,N/A,N/A,N/A,N/A,N/A,N/A,N/A,N/A,N/A,N/A
Sean McKeon,0.0,0.0,0.0,0.0,0.0,N/A,N/A,N/A,N/A,N/A,N/A,N/A,N/A,N/A,N/A,N/A,N/A,N/A,N/A,N/A,N/A,N/A,N/A,N/A,N/A,N/A,N/A,N/A,N/A,N/A,N/A,N/A
Shane Zylstra,0.0,0.0,0.0,0.0,0.0,N/A,N/A,N/A,N/A,N/A,N/A,N/A,N/A,N/A,N/A,N/A,N/A,N/A,N/A,N/A,N/A,N/A,N/A,N/A,N/A,N/A,N/A,N/A,N/A,N/A,N/A,N/A
Tyler Mabry,0.0,0.0,0.0,0.0,0.0,N/A,N/A,N/A,N/A,N/A,N/A,N/A,N/A,N/A,N/A,N/A,N/A,N/A,N/A,N/A,N/A,N/A,N/A,N/A,N/A,N/A,N/A,N/A,N/A,N/A,N/A,N/A
Ko Kieft,0.0,0.0,0.0,0.0,0.0,N/A,N/A,N/A,N/A,N/A,N/A,N/A,N/A,N/A,N/A,N/A,N/A,N/A,N/A,N/A,N/A,N/A,N/A,N/A,N/A,N/A,N/A,N/A,N/A,N/A,N/A,N/A
Cole Turner,0.0,0.0,0.0,0.0,0.0,N/A,N/A,N/A,N/A,N/A,N/A,N/A,N/A,N/A,N/A,N/A,N/A,N/A,N/A,N/A,N/A,N/A,N/A,N/A,N/A,N/A,N/A,N/A,N/A,N/A,N/A,N/A
John FitzPatrick,0.0,0.0,0.0,0.0,0.0,N/A,N/A,N/A,N/A,N/A,N/A,N/A,N/A,N/A,N/A,N/A,N/A,N/A,N/A,N/A,N/A,N/A,N/A,N/A,N/A,N/A,N/A,N/A,N/A,N/A,N/A,N/A
Nick Muse,0.0,0.0,0.0,0.0,0.0,N/A,N/A,N/A,N/A,N/A,N/A,N/A,N/A,N/A,N/A,N/A,N/A,N/A,N/A,N/A,N/A,N/A,N/A,N/A,N/A,N/A,N/A,N/A,N/A,N/A,N/A,N/A
Jake Tonges,0.0,0.0,0.0,0.0,0.0,N/A,N/A,N/A,N/A,N/A,N/A,N/A,N/A,N/A,N/A,N/A,N/A,N/A,N/A,N/A,N/A,N/A,N/A,N/A,N/A,N/A,N/A,N/A,N/A,N/A,N/A,N/A
Nikola Kalinic,0.0,0.0,0.0,0.0,0.0,N/A,N/A,N/A,N/A,N/A,N/A,N/A,N/A,N/A,N/A,N/A,N/A,N/A,N/A,N/A,N/A,N/A,N/A,N/A,N/A,N/A,N/A,N/A,N/A,N/A,N/A,N/A
Cameron Latu,0.0,0.0,0.0,0.0,0.0,N/A,N/A,N/A,N/A,N/A,N/A,N/A,N/A,N/A,N/A,N/A,N/A,N/A,N/A,N/A,N/A,N/A,N/A,N/A,N/A,N/A,N/A,N/A,N/A,N/A,N/A,N/A
Justin Shorter,0.0,0.0,0.0,0.0,0.0,N/A,N/A,N/A,N/A,N/A,N/A,N/A,N/A,N/A,N/A,N/A,N/A,N/A,N/A,N/A,N/A,N/A,N/A,N/A,N/A,N/A,N/A,N/A,N/A,N/A,N/A,N/A
Zack Kuntz,0.0,0.0,0.0,0.0,0.0,N/A,N/A,N/A,N/A,N/A,N/A,N/A,N/A,N/A,N/A,N/A,N/A,N/A,N/A,N/A,N/A,N/A,N/A,N/A,N/A,N/A,N/A,N/A,N/A,N/A,N/A,N/A
Princeton Fant,0.0,0.0,0.0,0.0,0.0,N/A,N/A,N/A,N/A,N/A,N/A,N/A,N/A,N/A,N/A,N/A,N/A,N/A,N/A,N/A,N/A,N/A,N/A,N/A,N/A,N/A,N/A,N/A,N/A,N/A,N/A,N/A
Cole Fotheringham,0.0,0.0,0.0,0.0,0.0,N/A,N/A,N/A,N/A,N/A,N/A,N/A,N/A,N/A,N/A,N/A,N/A,N/A,N/A,N/A,N/A,N/A,N/A,N/A,N/A,N/A,N/A,N/A,N/A,N/A,N/A,N/A
John Stephens Jr.,0.0,0.0,0.0,0.0,0.0,N/A,N/A,N/A,N/A,N/A,N/A,N/A,N/A,N/A,N/A,N/A,N/A,N/A,N/A,N/A,N/A,N/A,N/A,N/A,N/A,N/A,N/A,N/A,N/A,N/A,N/A,N/A
Colson Yankoff,0.0,0.0,0.0,0.0,0.0,N/A,N/A,N/A,N/A,N/A,N/A,N/A,N/A,N/A,N/A,N/A,N/A,N/A,N/A,N/A,N/A,N/A,N/A,N/A,N/A,N/A,N/A,N/A,N/A,N/A,N/A,N/A
Thomas Odukoya,0.0,0.0,0.0,0.0,0.0,N/A,N/A,N/A,N/A,N/A,N/A,N/A,N/A,N/A,N/A,N/A,N/A,N/A,N/A,N/A,N/A,N/A,N/A,N/A,N/A,N/A,N/A,N/A,N/A,N/A,N/A,N/A
E.J. Jenkins,0.0,0.0,0.0,0.0,0.0,N/A,N/A,N/A,N/A,N/A,N/A,N/A,N/A,N/A,N/A,N/A,N/A,N/A,N/A,N/A,N/A,N/A,N/A,N/A,N/A,N/A,N/A,N/A,N/A,N/A,N/A,N/A
Baylor Cupp,0.0,0.0,0.0,0.0,0.0,N/A,N/A,N/A,N/A,N/A,N/A,N/A,N/A,N/A,N/A,N/A,N/A,N/A,N/A,N/A,N/A,N/A,N/A,N/A,N/A,N/A,N/A,N/A,N/A,N/A,N/A,N/A
Jack Westover,0.0,0.0,0.0,0.0,0.0,N/A,N/A,N/A,N/A,N/A,N/A,N/A,N/A,N/A,N/A,N/A,N/A,N/A,N/A,N/A,N/A,N/A,N/A,N/A,N/A,N/A,N/A,N/A,N/A,N/A,N/A,N/A
Caleb Lohner,0.0,0.0,0.0,0.0,0.0,N/A,N/A,N/A,N/A,N/A,N/A,N/A,N/A,N/A,N/A,N/A,N/A,N/A,N/A,N/A,N/A,N/A,N/A,N/A,N/A,N/A,N/A,N/A,N/A,N/A,N/A,N/A
Mitchell Wilcox,0.0,0.0,0.0,0.0,0.0,N/A,N/A,N/A,N/A,N/A,N/A,N/A,N/A,N/A,N/A,N/A,N/A,N/A,N/A,N/A,N/A,N/A,N/A,N/A,N/A,N/A,N/A,N/A,N/A,N/A,N/A,N/A
